-- Civilization
-- Author: Anagram
-- DateCreated: 4/7/2023 8:04:22 PM
--------------------------------------------------------------

INSERT INTO Types
			(Type,							Kind				)
VALUES		('CIVILZATION_GRAM_EAGLELAND',	'KIND_CIVILIZATION'	);

INSERT INTO Civilizations
			(CivilizationType					Name,									Description,
			 Adjective,							StartingCivilzationLevelType,			RandomCityNameDepth,
			 Ethnicity)
VALUES		('CIVILIZATION_GRAM_EAGLELAND',		'LOC_CIVILIZATION_GRAM_EAGLELAND_NAME',	'LOC_CIVILIZATION_GRAM_EAGLELAND_DESC',
			 'CIVILIZATION_GRAM_EAGLELAND_ADJ',	'CIVILZATION_LEVEL_FULL_CIV',			1,
			 'ETHNICITY_EURO');



INSERT INTO NamedMountains
			(NamedMountainType,						Name										)
VALUES		('NAMED_MOUNTAIN_GRAM_BEAK_POINT',		'LOC_NAMED_MOUNTAIN_GRAM_BEAK_POINT'		),
			('NAMED_MOUNTAIN_GRAM_GIANT_STEP',		'LOC_NAMED_MOUNTAIN_GRAM_GIANT_STEP'		),
			('NAMED_MOUNTAIN_GRAM_PINK_CLOUD',		'LOC_NAMED_MOUNTAIN_GRAM_PINK_CLOUD'		),
			('NAMED_MOUNTAIN_GRAM_LILLIPUT_STEPS',	'LOC_NAMED_MOUNTAIN_GRAM_LILLIPUT_STEPS'	),
			('NAMED_MOUNTAIN_GRAM_MAGNET_HILL',		'LOC_NAMED_MOUNTAIN_GRAM_MAGNET_HILL'		),
			('NAMED_MOUNTAIN_GRAM_LUMINE_HALL',		'LOC_NAMED_MOUNTAIN_GRAM_LUMINE_HALL'		);

INSERT INTO NamedMountainCivilizations
			(CivilizationType,						NamedMountainType							)
VALUES		('CIVILIZATION_GRAM_EAGLELAND',			'NAMED_MOUNTAIN_GRAM_BEAK_POINT'			),
			('CIVILIZATION_GRAM_EAGLELAND',			'NAMED_MOUNTAIN_GRAM_GIANT_STEP'			),
			('CIVILIZATION_GRAM_EAGLELAND',			'NAMED_MOUNTAIN_GRAM_PINK_CLOUD'			),
			('CIVILIZATION_GRAM_EAGLELAND',			'NAMED_MOUNTAIN_GRAM_LILLIPUT_STEPS'		),
			('CIVILIZATION_GRAM_EAGLELAND',			'NAMED_MOUNTAIN_GRAM_MAGNET_HILL'			);



INSERT INTO NamedRivers
			(NamedRiverType,							Name										)
VALUES		('NAMED_RIVER_GRAM_GRAPEFRUIT_FALLS',		'LOC_NAMED_RIVER_GRAM_GRAPFRUIT_FALLS'		),
			('NAMED_RIVER_GRAM_PEACEFUL_REST_VALLEY',	'LOC_NAMED_RIVER_GRAM_PEACEFUL_REST_VALLEY' ),
			('NAMED_RIVER_GRAM_PEACEFUL_RAINY',			'LOC_NAMED_RIVER_GRAM_RAINY_CIRCLE'			);

INSERT INTO NamedRiverCivilizations
			(CivilizationType,							NamedRiverType								)
VALUES		('CIVILIZATION_GRAM_EAGLELAND',				'NAMED_RIVER_GRAM_GRAPEFRUIT_FALLS'			),
			('CIVILIZATION_GRAM_EAGLELAND',				'NAMED_RIVER_GRAM_PEACEFUL_REST_VALLEY'		),
			('CIVILIZATION_GRAM_EAGLELAND',				'NAMED_RIVER_GRAM_RAINY_CIRCLE'				);



INSERT INTO NamedLakes
			(NamedLakeType,						Name								)
VALUES		('NAMED_LAKE_GRAM_TESSIE',			'LOC_NAMED_LAKE_GRAM_TESSIE'		),
			('NAMED_LAKE_GRAM_MILKY_WELL',		'LOC_NAMED_LAKE_GRAM_MILKY_WELL'	);

INSERT INTO NamedLakeCivilizations
			(CivilizationType,					NamedLakeType						)
VALUES		('CIVILIZATION_GRAM_EAGLELAND',		'NAMED_LAKE_GRAM_TESSIE'			),
			('CIVILIZATION_GRAM_EAGLELAND',		'NAMED_LAKE_GRAM_MILKY_WELL'		);



INSERT INTO NamedDeserts
			(NamedDesertType,					Name								)
VALUES		('NAMED_DESERT_GRAM_DUSTY_DUNES',	'LOC_NAMED_DESERT_GRAM_DUSTY_DUNES'	),
			('NAMED_DESERT_GRAM_SCARABA',		'LOC_NAMED_DESERT_GRAM_SCARABA'		);

INSERT INTO NamedDesertCivilizations
			(CivilizationType,					NamedDesertType						)
VALUES		('CIVILIZATION_GRAM_EAGLELAND',		'NAMED_DESERT_GRAM_DUSTY_DUNES'		),
			('CIVILIZATION_GRAM_EAGLELAND',		'NAMED_DESERT_GRAM_SCARABA'			);
			


INSERT INTO NamedVolcanoes
			(NamedVolcanoType						Name									)
VALUES		('NAMED_VOLCANO_GRAM_FIRE_SPRING',		'LOC_NAMED_VOLCANO_GRAM_FIRE_SPRING'	),
			('NAMED_VOLCANO_GRAM_LOST_UNDERWORLD',	'LOC_NAMED_VOLCANO_GRAM_LOST_UNDERWORLD');

INSERT INTO NamedVolcanoCivilizations
			(CivilizationType,					NamedVolcanoType							)
VALUES		('CIVILIZATION_GRAM_EAGLELAND',		'NAMED_VOLCANO_GRAM_FIRE_SPRING'			),
			('CIVILIZATION_GRAM_EAGLELAND',		'NAMED_VOLCANO_GRAM_LOST_UNDERWORLD'		);



INSERT INTO CityNames
			(CivilizationType,					CityName									)
VALUES		('CIVILIZATION_GRAM_EAGLELAND',		'LOC_CITY_NAME_GRAM_EAGLELAND_1'			),
			('CIVILIZATION_GRAM_EAGLELAND',		'LOC_CITY_NAME_GRAM_EAGLELAND_2'			),
			('CIVILIZATION_GRAM_EAGLELAND',		'LOC_CITY_NAME_GRAM_EAGLELAND_3'			),
			('CIVILIZATION_GRAM_EAGLELAND',		'LOC_CITY_NAME_GRAM_EAGLELAND_4'			),
			('CIVILIZATION_GRAM_EAGLELAND',		'LOC_CITY_NAME_GRAM_EAGLELAND_5'			),
			('CIVILIZATION_GRAM_EAGLELAND',		'LOC_CITY_NAME_GRAM_EAGLELAND_6'			),
			('CIVILIZATION_GRAM_EAGLELAND',		'LOC_CITY_NAME_GRAM_EAGLELAND_7'			),
			('CIVILIZATION_GRAM_EAGLELAND',		'LOC_CITY_NAME_GRAM_EAGLELAND_8'			),
			('CIVILIZATION_GRAM_EAGLELAND',		'LOC_CITY_NAME_GRAM_EAGLELAND_9'			),
			('CIVILIZATION_GRAM_EAGLELAND',		'LOC_CITY_NAME_GRAM_EAGLELAND_10'			),
			('CIVILIZATION_GRAM_EAGLELAND',		'LOC_CITY_NAME_GRAM_EAGLELAND_11'			),
			('CIVILIZATION_GRAM_EAGLELAND',		'LOC_CITY_NAME_GRAM_EAGLELAND_12'			),
			('CIVILIZATION_GRAM_EAGLELAND',		'LOC_CITY_NAME_GRAM_EAGLELAND_13'			),
			('CIVILIZATION_GRAM_EAGLELAND',		'LOC_CITY_NAME_GRAM_EAGLELAND_14'			),
			('CIVILIZATION_GRAM_EAGLELAND',		'LOC_CITY_NAME_GRAM_EAGLELAND_15'			);



INSERT INTO	CivilizationCitizenNames
			(CivilizationType,					CitizenName,								Female	)
VALUES		('CIVILIZATION_GRAM_EAGLELAND',		'LOC_CITIZEN_GRAM_EAGLELAND_MALE_1',		0 		),
			('CIVILIZATION_GRAM_EAGLELAND',		'LOC_CITIZEN_GRAM_EAGLELAND_MALE_2',		0 		),
			('CIVILIZATION_GRAM_EAGLELAND',		'LOC_CITIZEN_GRAM_EAGLELAND_MALE_3',		0 		),
			('CIVILIZATION_GRAM_EAGLELAND',		'LOC_CITIZEN_GRAM_EAGLELAND_MALE_4',		0 		),
			('CIVILIZATION_GRAM_EAGLELAND',		'LOC_CITIZEN_GRAM_EAGLELAND_MALE_5',		0 		),
			('CIVILIZATION_GRAM_EAGLELAND',		'LOC_CITIZEN_GRAM_EAGLELAND_MALE_6',		0 		),
			('CIVILIZATION_GRAM_EAGLELAND',		'LOC_CITIZEN_GRAM_EAGLELAND_MALE_7',		0 		),
			('CIVILIZATION_GRAM_EAGLELAND',		'LOC_CITIZEN_GRAM_EAGLELAND_MALE_8',		0 		),
			('CIVILIZATION_GRAM_EAGLELAND',		'LOC_CITIZEN_GRAM_EAGLELAND_MALE_9',		0 		),
			('CIVILIZATION_GRAM_EAGLELAND',		'LOC_CITIZEN_GRAM_EAGLELAND_MALE_10',		0 		),
			('CIVILIZATION_GRAM_EAGLELAND',		'LOC_CITIZEN_GRAM_EAGLELAND_FEMALE_1',		1 		),
			('CIVILIZATION_GRAM_EAGLELAND',		'LOC_CITIZEN_GRAM_EAGLELAND_FEMALE_2',		1 		),
			('CIVILIZATION_GRAM_EAGLELAND',		'LOC_CITIZEN_GRAM_EAGLELAND_FEMALE_3',		1 		),
			('CIVILIZATION_GRAM_EAGLELAND',		'LOC_CITIZEN_GRAM_EAGLELAND_FEMALE_4',		1 		),
			('CIVILIZATION_GRAM_EAGLELAND',		'LOC_CITIZEN_GRAM_EAGLELAND_FEMALE_5',		1 		),
			('CIVILIZATION_GRAM_EAGLELAND',		'LOC_CITIZEN_GRAM_EAGLELAND_FEMALE_6',		1 		),
			('CIVILIZATION_GRAM_EAGLELAND',		'LOC_CITIZEN_GRAM_EAGLELAND_FEMALE_7',		1 		),
			('CIVILIZATION_GRAM_EAGLELAND',		'LOC_CITIZEN_GRAM_EAGLELAND_FEMALE_8',		1 		),
			('CIVILIZATION_GRAM_EAGLELAND',		'LOC_CITIZEN_GRAM_EAGLELAND_FEMALE_9',		1 		),
			('CIVILIZATION_GRAM_EAGLELAND',		'LOC_CITIZEN_GRAM_EAGLELAND_FEMALE_10',		1 		);

INSERT INTO CivilizationInfo
			(CivilizationType,					Header,						Caption,						SortIndex	)	
VALUES		('CIVILIZATION_GRAM_EAGLELAND',		'LOC_CIVINFO_CAPITAL',		'LOC_CIVINFO_GRAM_EAGLELAND',	10			);			


INSERT INTO StartBiasTerrains
			(CivilizationType,					TerrainType,		Tier	)
VALUES		('CIVILIZATION_GRAM_EAGLELAND',		'TERRAIN_GRASS',	1		);			